255,255,255,255,255,255,255,255,255,255,255,255,255,255,255,255,255,255,255,255,255,255,255,255,255,255,255,255,255,255,255,255,255,255,255,255,255,255,255,255,255,255,255,255,255,255,255,255,255,255,255,255,255,255,255,255,255,255,255,255,255,255,255,255,255,255,255,255,255,255,255,255,255,255,255,255,255,255,255,255,255,255,255,255,255,255,255,251,255,255,255,252,255,255,255,255,255,255,255,255,255,255,255,255,255,255,255,255,255,255,255,255,255,255,255
255,255,255,255,255,255,255,255,255,255,255,255,255,255,255,255,255,255,255,255,255,255,255,255,255,255,255,255,255,255,255,255,255,255,255,255,255,255,255,255,255,255,255,255,255,255,255,255,255,255,255,255,255,255,255,255,255,255,255,255,255,255,255,255,255,255,255,255,255,255,255,255,255,255,255,255,255,255,255,255,201,202,212,226,228,228,242,228,243,255,254,251,255,251,255,255,255,255,255,255,255,255,255,255,255,255,255,255,255,255,255,255,255,255,255
255,255,255,255,255,255,255,255,255,255,255,255,255,255,255,255,255,255,255,255,255,255,255,255,255,255,255,255,255,255,255,255,255,255,255,255,255,255,255,255,255,255,255,255,255,255,255,255,255,255,255,255,255,255,255,255,255,255,255,255,255,255,255,255,255,255,255,255,255,255,255,255,255,204,204,204,204,204,204,204,201,204,205,212,226,231,229,227,232,251,255,255,251,254,255,255,255,255,255,255,255,255,255,255,255,255,255,255,255,255,255,255,255,255,255
255,255,255,255,255,255,255,255,255,255,255,255,255,255,255,255,255,255,255,255,255,255,255,255,255,255,255,255,255,255,255,255,255,255,255,255,255,255,255,255,255,255,255,255,255,255,255,255,255,255,255,255,255,255,255,255,255,255,255,255,255,255,255,255,255,255,204,204,204,204,204,204,204,204,204,204,204,204,204,204,203,207,201,201,216,227,229,230,229,253,255,253,248,255,255,255,255,255,255,255,255,255,255,255,255,255,255,255,255,255,255,255,255,255,255
255,255,255,255,255,255,255,255,255,255,255,255,255,255,255,255,255,255,255,255,255,255,255,255,255,255,255,255,255,255,255,255,255,255,255,255,255,255,255,255,255,255,255,255,255,255,255,255,255,255,255,255,255,255,255,255,255,255,255,204,204,204,204,204,204,204,204,204,204,204,204,204,204,204,204,204,204,204,204,204,255,202,204,205,203,204,213,230,227,229,237,250,255,255,249,255,255,255,255,255,255,255,255,255,255,255,255,255,255,255,255,255,255,255,255
255,255,255,255,255,255,255,255,255,255,255,255,255,255,255,255,255,255,255,255,255,255,255,255,255,255,255,255,255,255,255,255,255,255,255,255,255,255,255,255,255,255,255,255,255,255,255,255,255,255,255,255,203,206,205,205,206,205,204,204,204,204,204,204,204,204,255,204,204,204,204,204,204,204,204,204,204,204,204,204,204,203,204,205,206,203,204,217,203,207,228,229,230,225,228,255,255,255,255,255,255,255,255,255,255,255,255,255,255,255,255,255,255,255,255
255,255,255,255,255,255,255,255,255,255,255,255,255,255,255,255,255,255,255,255,255,255,255,255,255,255,255,255,255,255,255,255,255,255,255,255,255,255,255,255,255,255,255,255,205,205,204,203,203,204,205,205,204,205,204,206,206,204,204,204,204,204,204,204,204,204,204,204,204,204,204,204,204,204,204,204,204,204,204,204,204,202,204,203,201,204,204,203,205,203,207,212,229,228,228,255,255,255,255,255,255,255,255,255,255,255,255,255,255,255,255,255,255,255,255
255,255,255,255,255,255,255,255,255,255,255,255,255,255,255,255,255,255,255,255,255,255,255,255,255,255,255,255,255,255,255,255,255,255,255,255,255,255,211,203,207,204,202,207,200,204,204,204,204,204,204,205,203,206,201,204,204,203,204,204,204,204,204,204,204,204,204,204,204,204,204,204,204,204,204,204,204,204,204,204,204,203,203,204,203,202,202,203,202,210,205,202,202,212,227,255,255,255,255,255,255,255,255,255,255,255,255,255,255,255,255,255,255,255,255
255,255,255,255,255,255,255,255,255,255,255,255,255,255,255,255,255,255,255,255,255,255,255,255,255,255,255,255,255,255,255,204,204,204,204,204,204,202,203,203,203,202,202,203,208,205,204,204,204,204,204,203,202,206,202,205,204,203,205,204,204,204,204,204,204,204,204,204,204,204,204,204,204,204,203,202,204,205,204,203,203,205,205,204,204,204,204,203,203,202,203,201,206,205,204,255,255,255,255,255,255,255,255,255,255,255,255,255,255,255,255,255,255,255,255
255,255,255,255,255,255,255,255,255,255,255,255,255,255,255,255,255,255,255,255,255,255,255,255,205,205,205,205,204,204,204,204,204,204,204,204,204,206,204,204,207,209,201,208,205,203,203,204,205,205,204,204,203,203,204,206,205,203,204,204,204,204,204,204,204,204,204,205,204,203,205,205,205,206,204,205,202,201,203,204,204,202,203,203,203,204,204,202,175,199,204,207,202,199,206,255,255,255,255,255,255,255,255,255,255,255,255,255,255,255,255,255,255,255,255
255,255,255,255,255,255,255,255,255,255,255,255,255,255,255,255,255,206,203,205,203,204,203,205,204,204,204,204,204,203,204,204,204,204,204,204,204,200,205,201,203,202,204,202,204,229,229,227,223,214,205,198,219,207,205,204,204,205,204,204,204,204,204,204,204,204,203,203,201,202,205,204,201,201,204,203,201,203,206,206,204,179,179,177,176,176,174,171,178,178,197,205,202,209,201,255,255,255,255,255,255,255,255,255,255,255,255,255,255,255,255,255,255,255,255
255,255,255,255,255,255,255,255,255,255,253,253,255,255,217,231,227,204,204,205,203,205,202,204,203,203,203,203,203,203,204,204,204,204,204,204,204,208,205,206,204,205,243,229,229,228,227,227,229,230,230,229,228,204,205,202,210,203,205,204,204,204,204,204,204,204,204,205,204,203,205,204,202,204,204,206,205,197,185,177,175,255,177,178,176,177,178,177,255,172,159,173,179,199,201,202,255,255,255,255,255,255,255,255,255,255,255,255,255,255,255,255,255,255,255
255,255,255,255,255,255,255,255,255,252,255,253,255,254,227,230,230,205,205,205,203,205,203,203,204,204,204,204,204,204,204,204,204,204,204,204,204,200,218,227,229,228,229,231,229,255,251,230,229,228,226,228,229,233,200,207,198,206,206,204,204,204,204,204,204,204,255,202,204,202,201,203,207,255,182,177,175,177,178,177,177,181,151,153,155,157,160,167,174,151,152,167,176,176,204,200,255,255,255,255,255,255,255,255,255,255,255,255,255,255,255,255,255,255,255
255,255,255,255,255,255,255,255,255,252,250,255,252,251,231,225,227,206,205,205,203,205,204,204,204,204,204,204,204,204,204,204,204,204,204,204,204,205,224,231,229,224,229,233,250,254,255,253,254,251,229,226,255,227,228,187,202,206,202,255,204,204,204,204,204,204,204,204,204,202,202,205,204,202,176,178,176,167,155,150,152,154,154,154,154,150,148,151,157,152,151,150,163,177,178,200,255,255,255,255,255,255,255,255,255,255,255,255,255,255,255,255,255,255,255
255,255,255,255,255,255,255,255,255,255,255,253,253,225,227,231,217,205,206,207,204,204,204,204,204,205,205,205,205,205,204,206,202,204,204,206,201,209,255,230,230,226,233,248,253,255,159,208,255,255,255,253,236,240,228,227,205,206,199,204,204,204,204,204,204,204,204,208,198,183,174,175,177,179,174,161,151,151,154,153,153,153,154,153,152,152,152,153,152,153,153,156,148,159,182,177,255,255,255,255,255,255,255,255,255,255,255,255,255,255,255,255,255,255,255
255,255,255,255,255,255,255,255,255,254,251,251,251,224,231,227,202,203,204,208,204,202,205,255,205,205,204,204,203,201,203,205,207,203,205,202,203,208,229,233,226,226,237,253,253,255,156,157,147,160,252,255,255,250,229,226,205,206,202,203,204,204,204,204,204,203,203,176,178,177,177,179,178,178,153,153,153,153,153,153,153,153,154,154,153,153,152,152,152,152,156,156,152,150,171,174,255,255,255,255,255,255,255,255,255,255,255,255,255,255,255,255,255,255,255
255,255,255,255,255,255,255,255,255,255,253,255,218,229,228,205,255,205,206,207,206,206,205,204,205,204,204,203,203,202,202,204,204,203,206,201,204,222,229,228,228,254,250,226,156,149,153,151,153,152,167,251,255,253,225,226,203,208,207,200,204,204,204,204,204,203,203,179,177,177,179,178,170,151,153,153,153,153,153,153,153,153,153,154,154,154,153,152,153,152,155,152,158,154,154,150,255,255,255,255,255,255,255,255,255,255,255,255,255,255,255,255,255,255,255
255,255,255,255,255,255,255,255,255,255,241,228,227,230,227,216,205,203,203,205,205,205,205,204,205,203,203,203,201,202,204,203,202,203,205,202,211,231,231,251,255,253,158,149,152,154,154,152,151,153,172,255,251,231,235,213,205,201,204,205,204,201,207,177,175,176,179,177,179,178,171,158,150,156,153,153,153,153,153,153,153,153,152,153,154,154,154,153,153,156,149,155,151,152,154,255,155,255,255,255,255,255,255,255,255,255,255,255,255,255,255,255,255,255,255
255,255,255,255,255,255,255,255,255,255,232,227,231,230,215,202,202,203,203,204,204,204,204,204,205,203,202,203,200,201,205,205,204,205,204,203,219,231,237,252,255,183,150,152,155,150,149,155,151,151,254,252,255,229,225,200,202,207,203,201,183,178,178,175,178,176,178,177,166,155,151,153,155,150,153,153,153,153,153,153,153,255,153,154,153,152,153,153,255,153,153,153,155,158,152,154,151,255,255,255,255,255,255,255,255,255,255,255,255,255,255,255,255,255,255
255,255,255,255,255,255,255,255,255,255,227,230,225,210,202,204,203,206,206,204,204,203,203,203,205,203,202,203,200,201,205,205,202,206,203,205,228,227,255,255,253,254,153,155,148,151,159,153,153,255,251,254,229,224,234,207,212,195,206,187,173,180,179,177,180,184,177,255,155,155,151,149,149,158,255,153,153,153,153,153,153,153,153,154,153,153,153,152,153,153,152,156,151,151,154,153,153,255,255,255,255,255,255,255,255,255,255,255,255,255,255,255,255,255,255
255,255,255,255,255,255,255,255,255,255,232,220,205,203,203,203,208,208,207,205,204,203,203,203,204,204,204,204,204,203,203,206,202,206,203,204,227,226,227,255,255,254,232,150,155,155,154,166,238,255,255,217,232,226,224,199,201,201,176,181,255,179,176,176,177,170,164,153,152,154,155,155,153,153,152,153,153,153,153,153,153,153,153,153,153,153,153,153,153,153,153,153,153,153,153,153,153,255,255,255,255,255,255,255,255,255,255,255,255,255,255,255,255,255,255
255,255,255,255,255,255,255,255,255,255,211,204,205,203,205,206,201,204,204,204,204,204,204,204,204,204,204,204,205,204,202,201,209,204,204,206,227,227,255,233,230,254,255,249,161,255,251,200,252,255,250,225,235,226,240,196,187,179,179,178,177,141,152,152,157,149,141,156,152,153,152,153,154,155,153,153,153,153,153,153,153,153,153,153,153,153,153,153,153,153,153,153,153,153,153,153,153,255,255,255,255,255,255,255,255,255,255,255,255,255,255,255,255,255,255
255,255,255,255,255,255,255,255,255,255,203,208,206,200,202,207,205,204,204,204,204,204,204,204,255,205,207,203,202,206,202,255,202,202,204,206,206,228,228,224,228,229,236,255,253,255,255,251,254,235,224,227,232,176,178,177,177,177,176,78,51,58,153,150,154,161,154,157,150,153,155,154,152,152,152,153,153,153,153,153,153,153,153,153,153,153,153,153,153,153,153,153,153,153,153,153,153,255,255,255,255,255,255,255,255,255,255,255,255,255,255,255,255,255,255
255,255,255,255,255,255,255,255,255,255,255,204,204,207,204,202,205,255,204,203,205,204,203,203,205,202,196,199,199,206,204,208,208,202,201,205,202,230,230,232,226,229,228,229,249,255,228,227,219,232,230,229,227,178,177,177,176,78,51,51,51,62,154,157,154,152,153,151,153,153,153,153,153,153,153,153,153,153,153,153,153,153,153,153,153,153,153,153,153,153,153,153,153,153,153,153,153,255,255,255,255,255,255,255,255,255,255,255,255,255,255,255,255,255,255
255,255,255,255,255,255,255,255,255,255,255,202,207,204,206,201,204,203,202,205,202,202,205,204,201,178,176,182,179,180,186,201,177,177,179,201,178,195,226,231,228,230,228,225,229,228,224,236,228,232,179,176,177,177,176,111,51,51,51,51,51,66,151,155,153,152,158,152,153,153,153,153,153,153,153,153,153,153,153,153,153,153,153,153,153,153,153,153,153,153,153,153,153,153,153,153,255,153,255,255,255,255,255,255,255,255,255,255,255,255,255,255,255,255,255
255,255,255,255,255,255,255,255,255,255,255,207,200,205,201,207,204,206,203,206,190,178,176,179,182,174,177,175,179,174,179,179,178,178,173,180,176,178,179,178,178,196,212,216,224,230,180,169,180,176,181,178,178,130,67,51,51,51,51,51,51,79,153,154,153,151,155,154,153,153,153,153,153,153,153,153,153,153,153,153,153,153,153,153,153,153,153,153,153,255,153,153,153,153,153,153,153,153,255,255,255,255,255,255,255,255,255,255,255,255,255,255,255,255,255
255,255,255,255,255,255,255,255,255,255,255,203,204,203,204,202,202,202,182,178,178,179,177,175,174,151,151,157,155,173,176,179,143,160,171,176,177,179,175,178,178,177,178,177,180,176,175,177,177,184,177,177,168,153,76,51,51,51,51,51,53,155,152,153,153,153,153,255,153,153,153,153,153,153,255,153,153,153,153,153,153,153,153,153,153,153,153,153,153,153,153,153,153,153,153,153,153,153,255,255,255,255,255,255,255,255,255,255,255,255,255,255,255,255,255
255,255,255,255,255,255,255,255,255,255,255,205,205,202,208,204,203,175,181,171,152,154,157,155,150,156,151,152,150,160,152,149,154,151,155,150,152,153,177,151,150,158,173,181,178,175,151,152,147,144,153,152,153,255,51,51,51,51,51,51,255,136,155,151,154,154,154,153,153,153,153,153,153,153,153,153,153,153,153,153,153,153,153,153,153,153,153,153,153,153,153,153,153,153,153,153,153,153,255,255,255,255,255,255,255,255,255,255,255,255,255,255,255,255,255
255,255,255,255,255,255,255,255,255,255,255,198,180,178,172,182,178,166,150,152,149,149,151,154,155,151,155,152,155,150,155,154,153,153,153,153,153,152,152,152,154,153,152,153,155,154,255,156,153,152,152,152,154,152,51,51,51,51,51,51,51,154,152,152,155,154,153,153,153,153,153,153,153,153,153,153,153,153,153,153,153,153,153,153,153,153,153,153,153,153,153,153,153,153,153,153,153,153,255,255,255,255,255,255,255,255,255,255,255,255,255,255,255,255,255
255,255,255,255,255,255,255,255,255,255,255,174,177,180,177,178,176,150,155,152,154,153,149,150,255,153,153,153,153,153,153,153,255,152,152,152,153,153,153,153,153,153,154,156,156,154,154,150,158,153,153,154,152,57,51,51,51,51,51,51,51,153,152,154,154,153,153,153,153,153,153,153,153,153,153,153,153,153,153,153,153,153,153,153,153,153,153,153,153,153,153,153,153,153,153,153,153,153,255,255,255,255,255,255,255,255,255,255,255,255,255,255,255,255,255
255,255,255,255,255,255,255,255,255,255,255,178,177,179,153,156,153,255,151,151,154,155,150,158,145,151,153,153,153,153,153,153,153,153,153,153,153,153,152,152,151,155,154,149,148,154,155,154,152,152,153,152,120,51,51,51,51,51,51,51,51,154,154,155,151,153,152,153,153,153,153,153,153,153,153,153,153,153,153,153,153,153,153,153,153,153,153,153,153,153,153,153,153,153,153,153,153,153,255,255,255,255,255,255,255,255,255,255,255,255,255,255,255,255,255
255,255,255,255,255,255,255,255,255,255,255,255,177,158,153,156,145,158,148,165,146,157,144,152,158,152,153,153,153,153,153,153,153,153,153,153,153,153,152,153,151,152,152,151,152,155,156,154,153,152,153,152,88,51,51,51,51,51,51,51,72,152,153,153,153,153,153,153,153,153,153,153,153,153,153,153,153,153,153,153,153,153,153,153,153,153,153,153,153,153,153,153,153,153,153,153,153,153,255,255,255,255,255,255,255,255,255,255,255,255,255,255,255,255,255
255,255,255,255,255,255,255,255,255,255,255,255,151,156,150,153,161,152,146,159,150,153,153,148,154,151,153,153,153,153,153,153,153,152,153,153,153,153,153,153,155,152,152,156,157,153,151,154,153,152,153,153,153,51,51,51,51,51,51,51,154,153,153,153,153,153,153,153,153,153,153,153,153,153,153,153,153,153,153,153,153,153,153,153,153,153,153,153,153,255,153,153,153,153,153,153,255,153,153,255,255,255,255,255,255,255,255,255,255,255,255,255,255,255,255
255,255,255,255,255,255,255,255,255,255,255,255,154,155,147,154,153,162,159,157,161,153,153,152,153,153,153,153,153,153,153,153,153,153,153,153,153,153,153,152,153,154,154,152,152,154,153,153,152,154,152,153,152,143,152,51,51,51,52,148,150,154,153,153,153,153,153,153,153,153,153,153,153,153,153,255,153,153,153,153,153,153,255,153,153,153,153,153,153,153,153,153,153,153,153,153,153,153,153,255,255,255,255,255,255,255,255,255,255,255,255,255,255,255,255
255,255,255,255,255,255,255,255,255,255,255,255,153,149,156,155,150,145,122,103,100,147,156,157,155,157,153,153,153,153,153,153,153,154,154,154,153,153,152,153,153,153,153,153,153,153,153,153,153,153,154,153,153,152,153,152,126,51,115,158,150,255,153,153,153,153,153,153,255,153,153,153,153,153,153,153,153,153,153,153,153,153,153,153,153,153,153,153,153,153,153,153,153,153,153,153,153,153,153,255,255,255,255,255,255,255,255,255,255,255,255,255,255,255,255
255,255,255,255,255,255,255,255,255,255,255,255,146,156,151,104,101,103,99,102,101,159,154,153,148,150,153,153,153,153,153,153,152,153,153,153,153,153,153,153,153,153,153,153,153,153,255,153,153,152,152,152,152,153,153,153,153,152,140,153,152,156,152,153,153,153,153,153,153,153,153,153,153,153,153,153,153,153,153,153,153,153,153,153,153,153,153,153,153,153,153,153,153,153,153,153,153,153,153,255,255,255,255,255,255,255,255,255,255,255,255,255,255,255,255
255,255,255,255,255,255,255,255,255,255,255,255,145,147,100,97,107,100,102,101,104,102,161,148,157,154,154,153,152,152,154,153,255,152,153,153,153,153,153,255,153,153,153,153,153,153,153,153,153,152,152,152,152,153,153,153,152,152,152,152,154,153,156,153,153,153,153,153,153,153,153,153,153,153,153,153,152,153,153,153,153,153,153,153,153,153,153,153,153,153,153,153,153,153,153,153,153,153,153,255,255,255,255,255,255,255,255,255,255,255,255,255,255,255,255
255,255,255,255,255,255,255,255,255,255,255,255,158,101,102,105,100,103,255,102,99,102,99,147,151,255,155,153,153,152,152,153,153,152,153,153,153,153,153,153,153,153,153,153,153,153,153,153,153,152,154,155,146,152,153,152,152,152,153,153,153,153,150,153,153,153,153,153,153,152,153,160,153,148,154,159,152,153,153,153,153,153,153,153,153,153,153,153,153,153,153,153,153,153,153,153,153,153,153,255,255,255,255,255,255,255,255,255,255,255,255,255,255,255,255
255,255,255,255,255,255,255,255,255,255,255,255,255,151,100,101,102,100,101,101,99,104,102,103,157,143,151,153,152,152,152,153,153,153,153,153,153,153,153,153,153,153,153,153,153,153,153,153,153,149,151,152,157,152,152,153,153,152,152,152,153,153,153,152,153,154,154,153,153,153,151,155,151,153,155,148,153,153,153,153,153,153,153,153,153,153,153,153,153,153,153,153,153,153,153,153,153,153,153,255,255,255,255,255,255,255,255,255,255,255,255,255,255,255,255
255,255,255,255,255,255,255,255,255,255,255,255,255,105,101,103,102,101,101,100,104,101,98,100,151,159,148,152,152,153,153,152,152,153,153,153,153,153,153,153,153,153,153,153,153,153,153,153,153,155,152,155,151,153,150,153,152,152,153,153,153,153,153,152,154,155,155,153,153,154,153,151,151,154,152,150,150,153,153,153,153,153,153,153,153,153,153,153,153,153,255,153,153,153,153,153,153,255,150,154,255,255,255,255,255,255,255,255,255,255,255,255,255,255,255
255,255,255,255,255,255,255,255,255,255,255,255,255,132,104,104,103,103,103,106,101,100,106,100,149,155,156,152,153,153,153,152,152,153,153,153,153,153,153,153,153,153,153,153,153,153,153,156,155,154,156,158,155,150,153,152,152,153,153,153,153,153,153,153,153,153,154,153,152,153,152,153,154,153,151,152,153,155,153,153,153,153,153,255,153,153,153,153,153,153,153,153,154,149,155,152,152,154,154,153,255,255,255,255,255,255,255,255,255,255,255,255,255,255,255
255,255,255,255,255,255,255,255,255,255,255,255,255,157,103,102,104,99,99,100,104,104,102,151,152,151,149,152,153,153,153,152,152,153,153,153,153,153,153,153,156,146,153,150,156,154,151,151,151,150,150,150,151,152,155,156,153,153,153,153,153,255,153,153,154,151,152,153,255,152,152,154,152,143,91,135,51,149,153,153,153,153,153,153,153,152,150,156,149,151,160,151,158,156,147,155,155,149,153,152,255,255,255,255,255,255,255,255,255,255,255,255,255,255,255
255,255,255,255,255,255,255,255,255,255,255,255,255,147,114,105,105,100,103,98,102,100,119,150,155,150,152,152,153,153,153,151,152,178,176,179,185,154,149,160,153,153,157,154,152,152,150,255,154,154,157,154,152,153,255,150,152,153,153,153,153,153,153,153,154,152,152,153,152,157,163,54,51,51,51,51,51,60,154,153,152,152,153,153,153,153,149,163,157,149,154,149,150,153,158,154,151,154,153,155,255,255,255,255,255,255,255,255,255,255,255,255,255,255,255
255,255,255,255,255,255,255,255,255,255,255,255,255,159,148,111,97,106,127,119,102,100,166,153,152,155,154,150,173,179,172,177,177,255,177,181,186,158,141,152,255,51,51,55,159,148,154,154,156,150,149,150,154,155,151,154,154,153,153,153,153,153,153,153,153,152,153,153,152,154,58,50,51,51,51,51,51,54,153,153,152,152,153,152,153,153,155,147,147,156,152,154,154,151,151,151,154,154,157,149,255,255,255,255,255,255,255,255,255,255,255,255,255,255,255
255,255,255,255,255,255,255,255,255,255,255,255,255,150,155,152,152,155,255,153,153,152,149,151,154,255,149,153,161,179,178,182,177,203,203,176,176,173,174,156,88,51,51,51,55,154,151,158,148,155,153,153,153,153,154,162,151,153,153,153,153,153,150,157,152,155,149,153,153,154,60,56,51,51,51,51,51,50,153,153,153,153,152,152,153,154,153,158,154,148,152,154,152,156,147,156,151,154,153,150,255,255,255,255,255,255,255,255,255,255,255,255,255,255,255
255,255,255,255,255,255,255,255,255,255,255,255,255,255,153,153,153,153,153,153,153,150,157,149,156,153,151,153,176,180,177,203,201,203,205,178,179,178,152,56,51,51,51,51,51,153,157,151,181,178,177,177,178,179,174,177,173,152,154,152,157,156,152,154,154,151,152,155,148,151,44,48,51,51,51,51,51,52,152,153,153,153,152,152,153,154,161,152,149,155,142,127,139,47,134,152,149,153,150,157,255,255,255,255,255,255,255,255,255,255,255,255,255,255,255
255,255,255,255,255,255,255,255,255,255,255,255,255,255,153,153,153,153,153,153,153,151,155,155,154,150,157,157,176,180,182,200,210,203,201,174,177,166,143,51,51,51,51,51,153,156,166,174,179,177,181,174,180,177,179,177,181,164,153,153,154,154,154,152,154,152,157,151,153,151,57,51,51,51,51,51,51,137,152,153,153,153,152,153,153,153,142,158,157,149,255,0,0,2,0,49,156,255,152,151,151,255,255,255,255,255,255,255,255,255,255,255,255,255,255
255,255,255,255,255,255,255,255,255,255,255,255,255,255,153,153,153,153,153,153,153,156,152,155,142,154,149,171,179,178,198,203,205,201,205,176,181,155,51,51,51,51,51,62,151,177,177,203,202,204,204,199,177,187,176,176,177,177,154,155,152,153,154,152,154,154,158,148,159,154,116,52,51,51,51,51,255,152,153,152,152,152,153,255,154,153,153,158,150,151,80,0,5,0,1,3,2,64,153,154,163,255,255,255,255,255,255,255,255,255,255,255,255,255,255
255,255,255,255,255,255,255,255,255,255,255,255,255,255,153,153,153,153,153,153,153,154,151,151,149,158,179,176,180,193,205,204,206,206,186,177,177,61,51,51,51,51,51,145,177,180,176,202,207,203,207,206,203,191,192,182,175,178,155,154,152,153,255,153,155,152,154,152,154,255,151,154,150,157,67,50,53,152,154,153,152,152,152,153,153,153,153,149,152,158,0,1,9,3,0,2,0,10,158,157,143,255,255,255,255,255,255,255,255,255,255,255,255,255,255
255,255,255,255,255,255,255,255,255,255,255,255,255,255,153,153,153,153,153,153,153,153,155,155,154,147,178,179,175,203,205,203,204,202,178,175,182,51,51,51,51,51,51,174,179,177,199,255,204,201,197,205,205,199,191,186,177,178,166,155,151,152,153,153,154,153,152,157,150,152,153,155,156,151,152,156,149,153,153,153,153,153,153,153,153,153,153,151,149,140,0,1,1,1,3,0,3,0,153,149,160,255,255,255,255,255,255,255,255,255,255,255,255,255,255
255,255,255,255,255,255,255,255,255,255,255,255,255,255,153,153,153,153,153,152,152,157,149,156,150,151,177,175,199,203,204,205,202,255,176,179,161,51,51,51,255,51,51,101,177,180,179,207,205,196,210,207,201,204,200,180,175,170,152,153,153,153,155,153,152,154,151,161,149,154,153,153,153,153,153,153,153,153,153,153,153,153,153,153,153,153,153,155,153,100,1,6,0,0,0,1,3,1,152,152,157,255,255,255,255,255,255,255,255,255,255,255,255,255,255
255,255,255,255,255,255,255,255,255,255,255,255,255,255,153,153,153,153,153,255,152,149,153,150,153,176,255,174,182,206,201,204,208,208,181,178,183,61,51,51,51,51,55,152,178,180,174,205,205,203,207,203,200,204,177,173,161,151,153,150,154,152,153,153,153,153,153,153,153,153,153,153,153,153,153,153,153,153,153,153,153,153,153,153,153,153,153,161,149,154,0,1,5,0,2,0,2,8,153,158,149,255,255,255,255,255,255,255,255,255,255,255,255,255,255
255,255,255,255,255,255,255,255,255,255,255,255,255,255,255,153,153,153,153,153,153,152,151,152,150,154,183,178,195,197,211,201,200,202,175,178,172,51,51,51,51,51,55,152,172,177,175,200,190,203,203,204,206,187,180,155,150,150,153,153,153,153,153,153,153,153,153,153,153,153,153,153,153,153,153,153,153,153,153,153,153,153,153,153,153,153,153,159,154,146,23,6,0,3,0,1,0,162,154,151,151,255,255,255,255,255,255,255,255,255,255,255,255,255,255
255,255,255,255,255,255,255,255,255,255,255,255,255,255,255,153,153,153,153,153,153,153,156,150,156,160,177,180,202,202,203,203,208,186,182,154,76,51,51,51,51,51,79,155,151,181,178,176,177,176,177,191,184,175,164,149,153,157,153,153,153,153,153,153,153,153,153,153,153,153,153,153,153,153,153,153,153,153,153,153,153,153,153,153,153,153,153,145,156,158,149,152,36,0,1,0,147,152,255,152,152,152,255,255,255,255,255,255,255,255,255,255,255,255,255
255,255,255,255,255,255,255,255,255,255,255,255,255,255,255,153,153,153,153,153,153,153,152,153,156,172,180,182,204,206,201,207,201,174,175,154,76,51,51,51,51,51,108,153,153,166,176,179,181,180,178,174,165,156,150,152,152,153,153,153,153,153,153,153,153,153,153,153,153,153,153,153,153,153,153,153,153,153,153,153,153,153,153,153,255,153,153,153,155,151,155,255,153,153,153,153,152,152,152,152,152,152,255,255,255,255,255,255,255,255,255,255,255,255,255
255,255,255,255,255,255,255,255,255,255,255,255,255,255,255,153,153,153,153,153,153,153,155,153,155,180,176,205,203,203,207,201,205,175,154,152,71,51,51,51,51,51,134,153,152,148,159,173,149,150,152,155,154,154,153,154,153,153,153,153,153,153,153,153,153,153,153,153,153,255,153,153,153,153,153,153,153,153,153,153,153,153,153,153,153,153,153,153,153,153,153,153,153,153,153,153,152,152,152,152,152,152,255,255,255,255,255,255,255,255,255,255,255,255,255
255,255,255,255,255,255,255,255,255,255,255,255,255,255,255,153,153,153,153,153,153,153,151,154,169,178,176,205,206,203,207,202,180,179,154,152,53,51,51,51,51,51,152,153,153,154,153,152,153,154,156,150,152,155,155,255,151,151,153,153,153,153,255,153,153,153,153,153,153,153,153,153,153,153,153,153,153,153,153,153,153,153,153,153,153,153,153,153,153,153,153,153,153,153,153,153,153,152,152,152,153,153,255,255,255,255,255,255,255,255,255,255,255,255,255
255,255,255,255,255,255,255,255,255,255,255,255,255,255,255,153,153,153,153,153,153,153,153,156,175,180,184,201,204,202,206,207,178,176,153,153,51,51,51,51,51,255,51,152,152,152,154,156,255,152,153,155,151,153,154,153,152,153,155,153,153,153,153,153,153,153,153,153,153,153,153,153,153,153,153,153,153,153,153,153,153,153,153,153,153,153,153,153,153,153,153,153,153,153,153,153,153,152,152,153,153,153,255,255,255,255,255,255,255,255,255,255,255,255,255
255,255,255,255,255,255,255,255,255,255,255,255,255,255,255,153,153,153,153,153,153,153,152,153,175,177,255,199,203,206,205,207,197,174,182,149,153,153,51,51,51,51,152,152,153,153,154,154,152,155,153,152,152,151,151,151,154,153,152,153,153,153,153,153,153,153,153,153,153,153,153,153,153,153,153,153,153,153,153,153,153,153,153,153,153,153,153,153,153,153,153,153,153,153,153,153,153,153,153,153,153,153,255,255,255,255,255,255,255,255,255,255,255,255,255
255,255,255,255,255,255,255,255,255,255,255,255,255,255,255,255,153,153,153,153,153,153,153,154,154,180,179,202,202,202,204,204,207,173,175,155,153,153,153,153,153,153,152,152,153,152,153,152,154,152,153,154,152,152,154,155,153,153,153,153,153,153,153,153,153,153,153,153,153,153,153,153,153,153,153,153,153,153,153,153,153,153,153,153,153,153,153,153,153,153,153,153,153,153,153,153,153,153,153,153,153,153,255,255,255,255,255,255,255,255,255,255,255,255,255
255,255,255,255,255,255,255,255,255,255,255,255,255,255,255,255,153,153,153,153,153,153,153,151,153,177,177,199,206,200,207,203,202,178,160,147,158,153,153,152,153,152,152,152,153,154,153,153,152,153,153,153,153,153,153,153,153,153,153,153,153,153,153,153,153,153,153,153,153,153,153,153,153,153,153,153,153,153,153,153,153,153,153,153,153,153,153,153,153,153,153,153,153,153,153,153,153,153,255,153,153,153,153,255,255,255,255,255,255,255,255,255,255,255,255
255,255,255,255,255,255,255,255,255,255,255,255,255,255,255,255,153,153,153,153,153,153,153,150,155,175,178,204,205,204,206,201,191,180,154,156,148,150,155,152,153,152,152,152,152,153,152,153,153,153,153,153,153,153,153,153,153,153,153,153,153,153,153,153,153,153,153,153,153,153,153,153,153,153,153,153,153,153,153,153,153,153,153,153,255,153,153,153,153,153,153,255,153,153,153,153,153,153,153,153,153,153,153,255,255,255,255,255,255,255,255,255,255,255,255
255,255,255,255,255,255,255,255,255,255,255,255,255,255,255,255,153,153,153,153,153,153,153,153,155,178,179,207,200,205,203,204,180,177,153,155,151,153,153,153,152,153,153,153,153,153,153,153,153,153,153,153,153,153,153,153,153,153,153,153,153,153,153,153,153,153,153,153,153,153,255,153,153,153,153,153,153,255,153,153,153,153,153,153,153,153,153,153,153,153,153,153,153,153,153,153,153,153,153,153,153,153,153,255,255,255,255,255,255,255,255,255,255,255,255
255,255,255,255,255,255,255,255,255,255,255,255,255,255,255,255,153,153,153,153,153,153,153,153,152,178,177,202,204,205,205,203,177,178,151,154,151,153,153,153,153,153,153,153,153,153,153,153,153,153,153,153,153,153,153,153,153,153,153,153,153,153,153,255,153,153,153,153,153,153,153,153,153,153,153,153,153,153,153,155,155,153,153,153,153,153,153,153,153,153,153,153,153,153,153,153,153,153,153,153,153,153,153,255,255,255,255,255,255,255,255,255,255,255,255
255,255,255,255,255,255,255,255,255,255,255,255,255,255,255,255,153,153,153,153,153,153,153,152,156,175,182,206,204,204,204,204,178,177,151,155,153,153,153,153,153,255,153,153,153,153,153,153,255,153,153,153,153,153,153,153,153,153,153,153,153,153,153,153,153,153,153,153,153,153,153,150,151,154,151,155,152,151,153,154,154,153,153,153,153,153,153,153,153,153,153,153,153,153,153,153,153,153,153,153,153,153,153,255,255,255,255,255,255,255,255,255,255,255,255
255,255,255,255,255,255,255,255,255,255,255,255,255,255,255,255,153,153,153,153,153,153,153,152,154,177,179,255,200,205,203,195,180,178,255,150,154,152,153,153,153,153,152,152,152,152,153,153,153,153,153,153,153,153,153,153,153,153,153,153,153,153,153,152,151,155,154,153,153,155,157,152,151,152,151,153,153,154,158,151,156,153,153,153,153,153,153,153,153,153,153,153,153,153,153,153,153,153,153,153,153,153,153,255,255,255,255,255,255,255,255,255,255,255,255
255,255,255,255,255,255,255,255,255,255,255,255,255,255,255,255,255,153,153,153,255,153,153,153,153,150,177,180,202,206,203,202,186,178,176,152,155,152,153,153,153,153,154,154,152,153,153,153,153,153,153,153,153,153,153,153,153,153,153,153,153,153,154,153,151,150,155,153,154,156,149,156,156,151,157,152,154,151,146,156,152,153,153,153,153,153,153,153,153,153,153,153,153,153,153,153,153,153,153,153,153,153,153,255,255,255,255,255,255,255,255,255,255,255,255
255,255,255,255,255,255,255,255,255,255,255,255,255,255,255,255,255,153,153,153,153,153,153,153,155,151,177,181,206,204,202,203,182,178,176,153,154,153,153,152,152,153,154,153,153,153,153,153,153,153,153,153,153,153,153,153,153,153,153,153,153,154,152,160,154,150,153,154,155,152,108,98,121,155,148,151,154,156,157,151,153,153,153,153,153,153,153,153,153,153,153,153,153,153,153,153,153,153,153,255,153,153,153,255,255,255,255,255,255,255,255,255,255,255,255
255,255,255,255,255,255,255,255,255,255,255,255,255,255,255,255,255,153,153,153,153,153,153,153,154,150,177,179,205,202,203,204,185,179,177,153,152,152,153,153,153,153,78,64,153,153,153,153,153,153,153,153,153,153,153,153,153,153,153,153,154,154,148,150,154,154,146,114,103,102,100,101,101,100,104,154,150,149,153,154,152,153,153,153,153,255,153,153,153,153,153,153,255,153,153,153,153,153,153,153,153,153,153,153,255,255,255,255,255,255,255,255,255,255,255
255,255,255,255,255,255,255,255,255,255,255,255,255,255,255,255,255,153,153,153,153,153,153,153,153,151,176,178,201,204,206,204,189,179,177,153,153,153,153,153,152,152,51,51,51,153,153,153,153,153,153,153,153,153,153,153,153,153,153,153,150,147,152,156,142,101,100,101,101,101,255,101,103,101,100,97,156,255,152,155,151,154,153,153,153,153,153,153,153,153,153,153,153,153,153,153,153,153,153,153,153,153,153,153,255,255,255,255,255,255,255,255,255,255,255
255,255,255,255,255,255,255,255,255,255,255,255,255,255,255,255,255,153,153,153,153,153,153,153,154,154,177,182,204,206,203,205,198,178,179,153,153,153,51,51,51,51,51,51,51,153,153,153,153,153,153,153,153,153,153,153,255,153,153,153,152,159,155,255,111,101,100,105,102,103,102,102,101,101,102,105,100,104,102,141,153,153,153,153,153,153,153,153,153,153,153,153,153,153,153,153,153,153,153,153,153,153,153,153,255,255,255,255,255,255,255,255,255,255,255
255,255,255,255,255,255,255,255,255,255,255,255,255,255,255,255,255,153,153,153,153,153,153,153,154,153,176,181,203,204,204,205,198,178,178,153,153,153,51,51,51,51,255,51,51,153,153,153,153,255,153,153,153,153,153,153,153,153,153,153,153,153,146,148,104,101,102,102,103,101,102,102,103,102,101,102,103,102,103,126,156,156,153,153,153,153,153,153,153,153,153,153,153,153,153,153,153,153,153,153,153,153,153,153,255,255,255,255,255,255,255,255,255,255,255
255,255,255,255,255,255,255,255,255,255,255,255,255,255,255,255,255,153,153,153,153,153,153,153,155,150,177,255,177,205,205,205,199,178,178,255,153,153,153,51,51,51,51,51,51,51,51,153,153,153,153,153,153,153,153,153,153,153,153,153,153,153,155,118,103,103,105,95,101,101,101,102,100,103,105,101,101,101,101,140,151,153,153,153,153,153,153,153,153,153,153,153,153,153,153,153,153,153,153,153,153,153,153,153,255,255,255,255,255,255,255,255,255,255,255
255,255,255,255,255,255,255,255,255,255,255,255,255,255,255,255,255,153,153,153,255,153,153,153,153,154,151,177,176,206,204,202,204,199,178,177,153,153,153,51,51,51,51,51,51,51,51,51,153,153,153,153,153,153,153,153,153,153,153,153,153,155,155,99,102,103,101,106,104,104,104,103,102,102,102,104,102,102,110,153,156,151,153,153,153,153,153,153,153,153,153,153,153,153,153,153,153,153,153,153,153,153,153,153,255,255,255,255,255,255,255,255,255,255,255
255,255,255,255,255,255,255,255,255,255,255,255,255,255,255,255,255,255,153,153,153,153,153,153,153,153,154,178,178,204,207,202,204,199,179,177,154,153,153,153,51,51,51,51,51,51,51,51,51,153,51,51,51,153,153,153,153,153,153,153,153,148,151,105,100,103,104,101,99,100,102,101,103,102,100,103,104,99,150,153,150,151,153,153,153,153,153,153,153,153,153,153,153,153,153,153,153,153,153,153,153,153,153,153,255,255,255,255,255,255,255,255,255,255,255
255,255,255,255,255,255,255,255,255,255,255,255,255,255,255,255,255,255,153,153,153,153,153,153,153,150,154,180,180,194,207,204,204,199,179,177,154,153,153,153,51,51,51,51,51,51,51,51,51,51,51,51,51,51,153,153,153,153,153,153,153,156,156,100,106,101,101,102,105,103,101,100,100,102,104,97,104,104,148,154,154,152,153,153,153,153,153,153,153,153,153,153,255,153,153,153,153,153,153,153,153,153,153,153,153,255,255,255,255,255,255,255,255,255,255
255,255,255,255,255,255,255,255,255,255,255,255,255,255,255,255,255,255,153,153,153,153,153,153,153,150,153,178,179,182,204,203,204,199,179,176,153,150,152,153,153,51,51,51,51,51,51,51,51,51,51,51,51,51,51,153,153,153,153,153,153,154,150,109,104,96,105,102,100,101,101,100,104,104,101,101,149,154,255,153,153,153,153,153,153,153,153,153,153,153,153,153,153,153,153,153,153,153,153,153,153,153,153,153,153,255,255,255,255,255,255,255,255,255,255
255,255,255,255,255,255,255,255,255,255,255,255,255,255,255,255,255,255,153,153,153,153,153,153,153,156,155,175,176,178,194,206,205,180,176,179,152,152,156,153,153,51,51,51,51,51,51,51,51,51,51,51,51,51,51,51,153,153,153,153,153,156,152,155,255,147,149,157,153,155,136,113,153,153,153,153,153,153,153,153,153,153,153,153,153,153,153,153,153,153,153,153,153,153,153,153,153,153,153,153,153,153,153,153,153,255,255,255,255,255,255,255,255,255,255
255,255,255,255,255,255,255,255,255,255,255,255,255,255,255,255,255,255,153,153,153,153,153,153,153,151,157,165,175,183,175,176,176,176,176,150,155,149,153,153,153,51,51,51,51,51,51,51,51,255,51,51,51,51,51,51,51,51,51,153,153,153,154,153,157,153,153,153,153,153,153,153,153,153,153,153,153,153,153,153,153,153,153,153,153,153,153,153,153,153,153,153,153,153,153,153,153,153,153,153,153,153,153,153,153,255,255,255,255,255,255,255,255,255,255
255,255,255,255,255,255,255,255,255,255,255,255,255,255,255,255,255,255,153,153,153,153,153,153,153,153,154,155,159,174,179,178,178,176,178,255,152,153,153,152,153,51,51,51,51,51,51,51,51,51,51,51,51,51,51,51,51,51,51,153,153,153,153,153,153,153,153,153,153,153,153,153,153,153,153,153,153,153,153,153,153,153,153,153,153,153,153,153,153,153,153,153,153,153,153,153,153,153,153,153,153,153,153,153,153,255,255,255,255,255,255,255,255,255,255
255,255,255,255,255,255,255,255,255,255,255,255,255,255,255,255,255,255,153,153,153,255,153,153,153,153,154,150,154,147,158,176,177,172,176,150,155,149,156,156,153,51,51,51,51,51,51,51,51,51,51,51,153,51,51,51,51,51,153,153,153,153,153,153,153,153,153,153,153,153,153,153,153,153,153,153,153,153,153,153,153,153,153,153,153,153,153,153,153,153,153,153,153,153,153,153,153,153,153,153,153,153,153,153,153,255,255,255,255,255,255,255,255,255,255
255,255,255,255,255,255,255,255,255,255,255,255,255,255,255,255,255,255,255,153,153,153,153,153,153,153,154,150,155,154,153,156,151,154,150,157,152,156,148,51,51,51,51,51,51,51,51,51,51,51,51,51,153,153,153,51,51,153,153,153,153,153,153,153,153,153,153,153,153,153,153,153,153,153,153,153,153,153,153,153,153,153,153,153,153,153,153,153,153,153,153,153,153,153,153,153,153,153,153,153,153,153,153,153,153,255,255,255,255,255,255,255,255,255,255
255,255,255,255,255,255,255,255,255,255,255,255,255,255,255,255,255,255,255,153,153,153,153,153,153,153,154,153,154,152,154,154,154,153,151,154,153,153,51,51,51,51,51,51,51,153,153,51,51,51,51,51,153,153,153,153,51,153,153,153,153,153,153,153,153,153,153,153,153,153,153,153,153,153,153,153,153,153,153,153,153,153,153,153,153,153,153,153,153,153,153,153,153,255,153,153,153,153,153,153,255,153,153,153,153,153,255,255,255,255,255,255,255,255,255
255,255,255,255,255,255,255,255,255,255,255,255,255,255,255,255,255,255,255,153,153,153,153,153,153,153,155,151,153,154,153,155,151,153,153,153,153,51,51,51,51,51,51,51,153,153,153,51,51,51,51,51,153,153,153,153,153,153,153,153,153,153,153,153,153,153,153,153,153,153,153,153,153,153,153,153,153,153,255,153,153,153,153,153,153,153,255,153,153,153,153,153,153,153,153,153,153,153,153,153,153,153,153,153,153,153,255,255,255,255,255,255,255,255,255
255,255,255,255,255,255,255,255,255,255,255,255,255,255,255,255,255,255,255,153,153,156,156,150,157,152,153,157,154,149,153,151,156,153,153,153,153,51,51,51,51,51,51,153,153,153,153,51,51,51,51,51,153,153,153,153,153,153,153,153,153,153,153,153,255,153,153,153,153,153,153,255,153,153,153,153,153,153,153,153,153,153,153,153,153,153,153,153,153,153,153,153,153,153,153,153,153,153,153,153,153,153,153,153,153,153,255,255,255,255,255,255,255,255,255
255,255,255,255,255,255,255,255,255,255,255,255,255,255,255,255,255,255,255,153,150,148,150,155,148,155,152,152,157,154,152,145,157,153,153,153,153,59,51,51,51,51,51,153,153,153,153,51,51,51,255,51,51,153,153,153,153,255,153,153,153,153,153,153,153,153,153,153,153,153,153,153,153,153,153,153,153,153,153,153,153,153,153,153,153,153,153,153,153,153,153,153,153,153,153,153,153,153,153,153,153,153,153,153,153,153,255,255,255,255,255,255,255,255,255
255,255,255,255,255,255,255,255,255,255,255,255,255,255,255,255,255,255,255,156,153,148,161,154,153,153,153,150,153,153,157,158,151,153,153,153,255,153,141,51,51,51,153,255,153,153,153,153,51,51,51,51,153,153,153,153,153,153,153,153,153,153,153,153,153,153,153,153,153,153,153,153,153,153,153,153,153,153,153,153,153,153,153,153,153,153,153,153,153,153,153,153,153,153,153,153,153,153,153,153,153,153,153,153,153,153,255,255,255,255,255,255,255,255,255
255,255,255,255,255,255,255,255,255,255,255,255,255,255,255,255,255,255,255,155,153,255,73,50,80,175,154,153,255,150,149,154,149,154,153,153,153,153,153,153,153,153,153,153,153,153,153,153,153,51,51,153,153,153,153,153,153,153,153,153,153,153,153,153,153,153,153,153,153,153,153,153,153,153,153,153,153,153,153,153,153,153,153,153,153,153,153,153,153,153,153,153,153,153,153,153,153,153,153,153,153,153,153,153,153,153,255,255,255,255,255,255,255,255,255
255,255,255,255,255,255,255,255,255,255,255,255,255,255,255,255,255,255,255,255,158,152,51,52,51,49,65,108,154,158,145,149,155,152,153,153,153,153,153,153,153,153,153,153,153,153,153,153,153,153,153,153,153,153,153,153,153,153,153,153,153,153,153,153,153,153,153,153,153,153,153,153,153,153,153,153,153,153,153,153,153,153,153,153,153,153,153,153,153,153,153,153,153,153,155,151,151,154,153,153,153,153,153,153,153,153,255,255,255,255,255,255,255,255,255
255,255,255,255,255,255,255,255,255,255,255,255,255,255,255,255,255,255,255,255,147,57,52,49,52,52,49,53,48,151,156,154,152,154,153,153,153,153,153,153,153,153,153,153,153,153,153,153,153,153,153,153,153,153,153,153,153,153,153,153,153,153,153,153,153,153,153,153,153,153,153,153,153,153,153,153,153,153,153,153,153,153,153,153,153,153,152,157,151,153,151,152,150,255,149,152,155,151,154,153,255,153,153,153,153,153,153,255,255,255,255,255,255,255,255
255,255,255,255,255,255,255,255,255,255,255,255,255,255,255,255,255,255,255,255,137,51,52,51,52,48,53,51,59,152,155,150,155,149,153,153,153,153,153,153,153,153,153,153,153,153,153,153,153,153,153,153,153,153,153,153,153,153,153,153,153,153,153,153,153,153,153,153,153,153,153,153,153,153,153,153,153,153,153,255,153,153,154,154,153,153,255,149,153,150,154,153,154,153,154,154,158,155,151,152,153,153,153,153,153,153,153,255,255,255,255,255,255,255,255
255,255,255,255,255,255,255,255,255,255,255,255,255,255,255,255,255,255,255,255,55,50,48,50,52,48,52,51,160,150,153,157,155,155,153,153,153,153,153,153,153,153,153,153,153,153,153,153,153,153,153,153,153,153,153,153,153,153,153,153,153,153,153,153,153,255,153,153,153,153,153,153,255,153,153,153,153,153,153,153,153,153,154,154,153,153,151,148,154,154,152,152,154,155,153,152,151,152,154,154,153,153,153,153,153,153,153,255,255,255,255,255,255,255,255
255,255,255,255,255,255,255,255,255,255,255,255,255,255,255,255,255,255,255,255,48,55,54,51,53,54,50,50,151,150,155,148,146,148,153,153,153,153,153,153,153,153,153,153,153,153,153,153,153,153,255,153,153,153,153,153,153,153,153,153,153,153,153,153,153,153,153,153,153,153,153,153,153,153,153,153,153,153,153,153,153,153,153,153,153,158,150,156,155,151,150,154,155,153,151,152,155,153,150,152,153,153,153,153,153,153,153,255,255,255,255,255,255,255,255
255,255,255,255,255,255,255,255,255,255,255,255,255,255,255,255,255,255,255,255,52,47,52,50,51,53,48,57,150,154,156,150,160,152,153,153,255,153,153,153,153,153,153,255,153,153,153,153,153,153,153,153,153,153,153,153,153,153,153,153,153,153,153,153,153,153,153,153,153,153,153,153,153,153,153,153,153,153,153,153,153,153,153,153,152,150,152,154,151,152,152,153,148,153,167,151,154,157,150,153,153,153,153,153,153,153,153,255,255,255,255,255,255,255,255
255,255,255,255,255,255,255,255,255,255,255,255,255,255,255,255,255,255,255,255,85,50,255,54,50,47,57,146,149,255,156,154,151,150,157,153,153,153,153,153,153,153,153,153,153,153,153,153,153,153,153,153,153,153,153,153,153,153,153,153,153,153,153,153,153,153,153,153,153,153,153,153,153,153,153,153,153,153,153,153,153,153,153,153,152,155,153,155,153,128,88,78,86,147,114,157,154,149,157,152,153,153,153,153,153,153,153,255,255,255,255,255,255,255,255
255,255,255,255,255,255,255,255,255,255,255,255,255,255,255,255,255,255,255,255,255,151,97,151,150,152,154,148,156,147,147,156,154,150,154,153,153,153,153,153,153,153,153,153,153,153,153,153,153,153,153,153,153,153,153,153,153,153,153,153,153,153,153,153,153,153,153,153,153,153,153,153,153,153,153,153,153,153,153,153,153,153,153,152,152,154,148,77,75,79,75,78,77,73,76,81,157,155,153,153,153,153,153,153,153,153,153,255,255,255,255,255,255,255,255
255,255,255,255,255,255,255,255,255,255,255,255,255,255,255,255,255,255,255,255,255,154,159,151,154,154,156,150,148,155,157,147,156,152,153,153,153,153,153,153,153,153,153,153,153,153,153,153,153,153,153,153,153,153,153,153,153,153,153,153,153,153,153,153,153,153,153,153,153,153,153,153,153,153,153,153,153,153,153,153,153,153,153,152,152,95,82,79,77,76,82,84,85,76,75,74,75,74,150,150,153,255,153,153,153,153,153,153,255,255,255,255,255,255,255
255,255,255,255,255,255,255,255,255,255,255,255,255,255,255,255,255,255,255,255,255,150,150,155,154,149,151,155,156,150,153,153,153,153,153,153,153,153,153,153,153,153,153,153,153,153,153,153,153,153,153,153,153,153,153,153,153,153,153,153,153,153,153,153,153,153,153,153,153,153,153,153,153,153,153,153,153,153,153,153,154,153,155,162,97,76,75,255,102,103,91,77,79,73,77,77,87,77,78,145,155,153,153,153,153,153,153,153,255,255,255,255,255,255,255
255,255,255,255,255,255,255,255,255,255,255,255,255,255,255,255,255,255,255,255,255,156,153,153,153,153,153,153,153,153,153,153,153,153,153,153,153,153,153,153,153,153,153,153,153,153,153,153,153,153,153,153,153,153,153,153,153,153,153,153,153,153,153,153,153,255,153,153,153,153,153,153,255,153,153,153,153,153,153,154,157,103,103,105,101,105,98,101,104,102,103,105,92,78,73,74,75,76,72,87,140,153,153,153,153,153,153,153,255,255,255,255,255,255,255
255,255,255,255,255,255,255,255,255,255,255,255,255,255,255,255,255,255,255,255,255,153,153,153,153,153,153,153,153,153,153,153,153,153,153,153,153,153,153,153,153,153,153,153,153,153,153,153,153,153,153,255,153,153,153,153,153,153,255,153,153,153,153,153,153,153,155,151,151,154,155,152,153,153,153,153,153,153,153,153,122,102,97,103,99,103,102,102,107,103,99,101,101,102,80,101,78,79,75,71,155,153,153,153,153,153,153,153,255,255,255,255,255,255,255
255,255,255,255,255,255,255,255,255,255,255,255,255,255,255,255,255,255,255,255,255,153,153,153,153,153,153,153,153,153,153,153,153,153,153,153,153,153,153,153,153,153,153,153,255,153,153,153,153,153,153,153,153,153,153,153,153,153,153,153,150,156,152,153,151,152,154,152,150,150,151,152,153,153,153,153,153,153,153,151,110,104,101,104,106,103,101,126,134,135,123,113,114,103,108,99,106,110,77,77,81,153,153,153,153,153,153,153,255,255,255,255,255,255,255
255,255,255,255,255,255,255,255,255,255,255,255,255,255,255,255,255,255,255,255,255,153,255,153,153,153,153,153,153,255,153,153,153,153,153,153,153,153,153,153,153,153,153,153,153,153,153,153,153,153,153,153,154,152,152,153,153,153,151,156,156,149,149,158,151,154,153,153,155,158,156,150,153,153,153,153,153,153,153,153,153,102,102,97,105,102,106,130,122,124,129,131,126,103,100,105,104,101,104,100,121,153,152,153,153,153,153,152,255,255,255,255,255,255,255
255,255,255,255,255,255,255,255,255,255,255,255,255,255,255,255,255,255,255,255,255,255,153,153,153,153,153,153,153,153,153,153,153,153,153,153,153,153,153,153,153,153,153,153,153,153,153,153,155,152,153,154,153,153,153,153,153,152,148,150,152,155,157,152,155,152,152,154,151,147,149,155,153,153,153,153,153,153,153,151,154,151,159,129,99,126,127,153,158,153,141,132,127,129,119,107,109,102,104,101,102,151,152,153,152,152,153,153,255,255,255,255,255,255,255
255,255,255,255,255,255,255,255,255,255,255,255,255,255,255,255,255,255,255,255,255,255,153,153,153,153,153,153,153,153,153,153,153,153,153,153,153,153,153,153,153,153,153,153,153,154,148,155,153,153,152,152,152,152,153,154,154,153,155,153,151,154,151,152,149,153,154,151,152,154,155,154,153,153,153,153,153,153,153,155,154,152,153,151,157,155,153,154,153,152,153,155,153,147,125,101,102,101,100,101,102,255,153,153,152,152,152,153,255,255,255,255,255,255,255
255,255,255,255,255,255,255,255,255,255,255,255,255,255,255,255,255,255,255,255,255,255,153,153,153,153,153,153,153,153,153,153,153,153,153,153,153,153,153,153,153,153,153,151,156,150,154,149,157,154,153,153,151,150,151,152,152,152,151,80,88,147,154,157,156,153,120,157,152,152,153,151,153,153,153,153,153,153,153,152,151,156,155,147,151,154,154,255,154,152,151,153,154,155,255,154,144,104,103,102,103,115,154,153,153,152,152,153,153,255,255,255,255,255,255
255,255,255,255,255,255,255,255,255,255,255,255,255,255,255,255,255,255,255,255,255,255,153,153,153,153,153,153,153,153,153,153,153,153,153,153,153,153,153,153,153,153,153,152,151,155,155,155,150,152,154,81,78,77,78,78,78,78,75,75,74,77,76,73,73,87,77,79,93,118,143,156,153,255,155,153,153,153,149,150,255,153,151,152,155,154,152,154,153,152,151,154,152,151,154,154,152,104,104,101,98,150,154,153,153,153,152,152,153,255,255,255,255,255,255
255,255,255,255,255,255,255,255,255,255,255,255,255,255,255,255,255,255,255,255,255,255,153,153,153,153,153,153,153,153,153,153,153,153,153,153,153,153,153,153,153,153,153,154,149,156,149,152,150,139,84,77,74,74,75,75,75,75,77,76,78,73,79,74,77,75,255,101,104,95,80,76,97,110,100,127,153,152,154,152,156,156,155,151,154,153,152,151,154,152,153,156,153,150,153,156,151,155,136,136,160,149,153,152,154,155,153,152,153,255,255,255,255,255,255
255,255,255,255,255,255,255,255,255,255,255,255,255,255,255,255,255,255,255,255,255,255,153,153,153,153,153,153,153,153,153,153,153,153,153,153,153,153,153,153,153,153,153,156,255,156,151,135,81,76,80,255,77,75,77,79,79,79,79,126,130,135,131,119,109,105,110,133,110,101,106,96,105,101,102,102,103,151,151,153,148,148,152,156,151,149,153,152,153,153,153,155,154,152,153,152,153,153,151,155,158,151,153,153,153,153,153,153,153,255,255,255,255,255,255
255,255,255,255,255,255,255,255,255,255,255,255,255,255,255,255,255,255,255,255,255,255,153,153,153,153,153,153,153,153,255,153,153,153,153,153,153,255,153,153,153,153,153,153,149,76,75,79,77,72,74,80,131,127,127,128,129,129,130,130,129,124,123,128,130,128,130,129,127,131,112,105,104,109,102,105,106,103,133,152,154,152,152,155,154,152,153,153,153,155,154,151,152,155,151,153,153,153,153,153,153,153,153,153,153,153,153,153,153,255,255,255,255,255,255
255,255,255,255,255,255,255,255,255,255,255,255,255,255,255,255,255,255,255,255,255,255,153,255,153,153,153,153,153,153,153,153,153,153,153,153,153,153,153,153,153,153,153,153,109,96,99,101,107,102,107,135,125,125,127,128,128,127,127,124,125,130,130,125,125,130,128,128,129,128,126,130,106,132,103,100,98,105,101,150,157,108,132,154,157,151,155,153,153,151,155,154,150,153,154,153,153,153,153,153,153,153,153,153,153,153,153,153,153,255,255,255,255,255,255
255,255,255,255,255,255,255,255,255,255,255,255,255,255,255,255,255,255,255,255,255,255,255,153,153,153,153,153,153,153,153,153,153,153,153,153,153,153,150,150,156,74,78,81,82,110,100,104,107,126,128,126,129,130,129,126,125,126,129,127,127,128,128,127,129,131,149,131,126,127,129,129,127,128,125,129,126,103,102,104,99,104,102,114,152,153,153,154,156,151,152,156,152,151,155,153,153,153,153,153,153,153,255,153,153,153,153,153,153,255,255,255,255,255,255
255,255,255,255,255,255,255,255,255,255,255,255,255,255,255,255,255,255,255,255,255,255,255,153,153,153,153,153,153,153,153,148,153,152,159,147,155,153,157,161,99,94,100,100,105,102,106,129,129,132,126,128,129,132,133,130,127,126,128,151,155,149,151,162,161,151,156,152,153,153,162,146,124,148,127,128,129,104,102,100,105,99,107,105,119,152,149,150,255,154,153,150,154,158,150,255,153,153,153,153,153,153,153,153,153,153,153,153,153,153,255,255,255,255,255
255,255,255,255,255,255,255,255,255,255,255,255,255,255,255,255,255,255,255,255,255,255,255,153,152,152,153,153,153,152,154,156,146,156,145,154,152,154,156,108,98,105,100,104,103,115,128,131,126,125,129,127,154,154,155,152,144,135,130,153,152,152,153,154,154,153,153,152,153,152,153,154,153,255,154,157,143,122,107,103,255,108,100,103,110,100,135,156,152,150,151,157,154,149,153,155,153,153,153,153,153,153,153,153,153,153,153,153,153,153,255,255,255,255,255
255,255,255,255,255,255,255,255,255,255,255,255,255,255,255,255,255,255,255,255,255,255,255,153,152,152,153,153,153,152,154,148,150,153,154,152,154,151,109,101,105,97,107,100,102,128,127,123,128,132,152,154,153,153,154,153,152,153,154,255,153,154,153,153,153,153,255,154,155,151,154,154,152,155,151,151,155,154,124,105,102,102,102,99,103,103,102,134,127,155,157,150,156,153,149,155,153,153,153,153,153,153,153,153,153,153,153,153,153,153,255,255,255,255,255
255,255,255,255,255,255,255,255,255,255,255,255,255,255,255,255,255,255,255,255,255,255,255,153,152,153,153,153,153,152,157,152,157,152,150,159,164,156,103,102,99,105,102,100,124,255,159,154,149,155,150,153,255,153,154,154,153,152,152,153,152,151,150,150,152,154,154,156,149,154,152,153,155,150,156,150,153,151,157,141,103,100,105,100,103,108,95,103,105,108,126,150,154,148,152,152,153,153,153,153,153,153,153,153,153,153,153,153,153,153,255,255,255,255,255
255,255,255,255,255,255,255,255,255,255,255,255,255,255,255,255,255,255,255,255,255,255,255,153,153,153,153,153,153,152,255,148,154,151,151,166,154,102,102,103,103,99,125,127,127,127,153,152,154,152,153,154,152,154,152,152,154,155,154,152,153,153,153,154,153,150,148,151,156,152,156,152,150,158,155,152,153,152,151,152,152,154,154,137,104,99,105,99,106,99,106,133,151,153,154,152,155,150,155,151,152,158,150,153,153,153,153,153,153,153,255,255,255,255,255
255,255,255,255,255,255,255,255,255,255,255,255,255,255,255,255,255,255,255,255,255,255,255,255,153,153,153,153,153,153,152,152,152,154,154,138,95,103,103,105,106,126,122,130,152,154,152,152,154,151,155,150,156,151,153,153,153,152,152,152,176,177,177,177,175,171,167,178,175,173,158,151,152,148,156,152,153,154,154,155,150,153,152,154,151,112,100,103,102,102,106,101,123,155,151,156,153,155,149,155,153,152,152,153,153,153,153,153,153,153,255,255,255,255,255
255,255,255,255,255,255,255,255,255,255,255,255,255,255,255,255,255,255,255,255,255,255,255,255,153,153,153,153,153,153,152,155,156,143,120,103,103,110,99,118,131,127,136,148,153,156,154,152,154,149,154,153,150,160,170,176,177,176,176,176,178,177,176,177,178,177,176,183,179,178,179,180,170,154,152,148,151,156,153,155,152,151,156,150,154,156,106,104,101,106,99,108,104,103,147,147,155,151,156,153,153,155,255,152,153,153,153,153,153,153,255,255,255,255,255
255,255,255,255,255,255,255,255,255,255,255,255,255,255,255,255,255,255,255,255,255,255,255,255,153,153,153,153,153,153,154,154,148,99,99,105,108,104,129,127,126,125,152,150,158,151,149,151,157,151,152,152,152,176,176,177,178,179,178,177,203,204,204,204,204,202,200,203,205,183,176,177,179,178,179,174,152,152,154,156,153,152,152,153,154,148,156,106,255,100,100,100,106,99,107,255,109,151,154,151,154,154,153,154,153,153,153,153,153,153,153,255,255,255,255
255,255,255,255,255,255,255,255,255,255,255,255,255,255,255,255,255,255,255,255,255,255,255,255,151,148,152,154,153,151,151,139,106,106,103,108,99,108,126,132,152,157,152,154,150,151,155,154,153,155,173,176,176,185,197,204,205,204,204,205,205,204,203,202,203,204,204,205,202,206,196,180,174,179,255,172,176,155,152,148,154,255,154,152,153,151,156,155,101,102,100,103,104,99,105,102,105,146,154,158,149,152,150,154,153,153,153,153,153,153,153,255,255,255,255
255,255,255,255,255,255,255,255,255,255,255,255,255,255,255,255,255,255,255,255,255,255,255,255,155,156,153,152,154,154,151,100,104,102,98,100,103,127,139,154,153,149,154,156,154,170,180,178,176,176,179,178,204,204,205,204,203,203,203,204,204,204,204,204,204,204,204,255,200,201,206,207,201,187,174,184,174,179,178,148,156,149,155,150,154,154,151,148,124,155,150,100,102,103,103,98,100,106,154,149,153,155,151,153,153,153,153,153,153,153,153,255,255,255,255
255,255,255,255,255,255,255,255,255,255,255,255,255,255,255,255,255,255,255,255,255,255,255,255,154,153,152,153,150,136,120,102,103,101,102,103,130,126,152,157,152,151,153,150,156,255,176,176,178,174,170,203,255,204,204,204,204,204,204,204,204,204,204,204,204,204,204,204,204,205,200,203,207,202,193,200,185,180,172,156,149,156,153,152,152,152,155,152,156,149,154,151,104,100,101,103,105,105,101,155,152,153,154,153,152,153,153,153,153,153,255,255,255,255,255
255,255,255,255,255,255,255,255,255,255,255,255,255,255,255,255,255,255,255,255,255,255,255,255,132,143,153,147,127,108,100,255,102,101,102,155,150,156,255,153,151,155,154,152,155,175,177,178,174,183,203,207,207,204,204,204,204,204,204,204,204,204,204,204,204,204,204,204,203,204,204,203,204,205,205,205,205,202,177,177,154,151,156,149,153,156,149,156,150,154,153,151,145,118,103,100,103,101,102,105,154,153,153,255,255,255,255,255,255,255,255,255,255,255,255
255,255,255,255,255,255,255,255,255,255,255,255,255,255,255,255,255,255,255,255,255,255,255,255,255,103,105,103,101,103,103,101,100,103,139,157,152,154,152,155,151,155,173,176,176,176,178,199,207,202,204,205,202,204,204,204,204,204,204,204,204,204,204,204,204,204,204,204,205,204,201,202,204,205,204,205,201,206,203,178,174,156,152,155,153,152,155,149,153,153,153,153,153,152,112,101,255,255,255,255,255,255,255,255,255,255,255,255,255,255,255,255,255,255,255
255,255,255,255,255,255,255,255,255,255,255,255,255,255,255,255,255,255,255,255,255,255,255,255,255,104,103,103,102,102,102,103,101,132,153,159,153,156,153,152,154,169,178,179,176,179,203,207,206,202,203,205,203,204,204,204,204,204,204,204,204,204,204,204,204,204,204,204,201,205,204,203,204,204,203,205,203,204,205,180,176,176,172,153,152,152,153,152,152,255,255,255,255,255,255,255,255,255,255,255,255,255,255,255,255,255,255,255,255,255,255,255,255,255,255
255,255,255,255,255,255,255,255,255,255,255,255,255,255,255,255,255,255,255,255,255,255,255,255,255,102,103,101,102,103,103,103,163,164,154,158,154,151,155,176,181,178,175,179,199,207,208,202,201,205,204,201,205,204,204,204,204,204,204,204,204,204,204,204,204,204,204,204,207,205,205,205,204,203,204,204,204,205,206,178,178,255,255,255,255,255,255,255,255,255,255,255,255,255,255,255,255,255,255,255,255,255,255,255,255,255,255,255,255,255,255,255,255,255,255
255,255,255,255,255,255,255,255,255,255,255,255,255,255,255,255,255,255,255,255,255,255,255,255,255,103,104,100,103,99,103,102,166,167,164,161,157,154,169,176,175,180,177,205,202,204,205,204,203,201,202,207,203,204,204,204,204,204,204,204,204,204,204,204,204,204,204,205,204,206,204,206,205,203,255,255,255,255,255,255,255,255,255,255,255,255,255,255,255,255,255,255,255,255,255,255,255,255,255,255,255,255,255,255,255,255,255,255,255,255,255,255,255,255,255
255,255,255,255,255,255,255,255,255,255,255,255,255,255,255,255,255,255,255,255,255,255,255,255,255,103,122,110,137,172,174,170,170,164,169,167,171,178,176,205,206,205,201,208,200,203,201,202,204,206,205,203,206,204,204,204,204,204,204,204,205,205,204,204,204,204,205,255,255,255,255,255,255,255,255,255,255,255,255,255,255,255,255,255,255,255,255,255,255,255,255,255,255,255,255,255,255,255,255,255,255,255,255,255,255,255,255,255,255,255,255,255,255,255,255
255,255,255,255,255,255,255,255,255,255,255,255,255,255,255,255,255,255,255,255,255,255,255,255,255,166,163,162,164,160,168,174,177,179,181,176,174,176,206,201,205,204,207,203,207,204,205,206,204,204,205,204,205,255,205,204,204,204,204,204,255,255,255,255,255,255,255,255,255,255,255,255,255,255,255,255,255,255,255,255,255,255,255,255,255,255,255,255,255,255,255,255,255,255,255,255,255,255,255,255,255,255,255,255,255,255,255,255,255,255,255,255,255,255,255
255,255,255,255,255,255,255,255,255,255,255,255,255,255,255,255,255,255,255,255,255,255,255,255,255,159,169,169,159,165,153,176,178,177,173,193,196,205,201,255,205,199,205,204,202,203,255,205,204,205,205,204,204,204,255,255,255,255,255,255,255,255,255,255,255,255,255,255,255,255,255,255,255,255,255,255,255,255,255,255,255,255,255,255,255,255,255,255,255,255,255,255,255,255,255,255,255,255,255,255,255,255,255,255,255,255,255,255,255,255,255,255,255,255,255
255,255,255,255,255,255,255,255,255,255,255,255,255,255,255,255,255,255,255,255,255,255,255,255,255,255,158,155,155,157,174,178,179,177,188,205,204,203,203,204,203,204,204,204,204,205,204,255,255,255,255,255,255,255,255,255,255,255,255,255,255,255,255,255,255,255,255,255,255,255,255,255,255,255,255,255,255,255,255,255,255,255,255,255,255,255,255,255,255,255,255,255,255,255,255,255,255,255,255,255,255,255,255,255,255,255,255,255,255,255,255,255,255,255,255
255,255,255,255,255,255,255,255,255,255,255,255,255,255,255,255,255,255,255,255,255,255,255,255,255,255,176,177,179,178,177,176,190,205,205,204,204,204,204,255,255,255,255,255,255,255,255,255,255,255,255,255,255,255,255,255,255,255,255,255,255,255,255,255,255,255,255,255,255,255,255,255,255,255,255,255,255,255,255,255,255,255,255,255,255,255,255,255,255,255,255,255,255,255,255,255,255,255,255,255,255,255,255,255,255,255,255,255,255,255,255,255,255,255,255
255,255,255,255,255,255,255,255,255,255,255,255,255,255,255,255,255,255,255,255,255,255,255,255,255,255,177,178,177,178,177,178,255,255,255,255,255,255,255,255,255,255,255,255,255,255,255,255,255,255,255,255,255,255,255,255,255,255,255,255,255,255,255,255,255,255,255,255,255,255,255,255,255,255,255,255,255,255,255,255,255,255,255,255,255,255,255,255,255,255,255,255,255,255,255,255,255,255,255,255,255,255,255,255,255,255,255,255,255,255,255,255,255,255,255
255,255,255,255,255,255,255,255,255,255,255,255,255,255,255,255,255,255,255,255,255,255,255,255,255,255,255,255,255,255,255,255,255,255,255,255,255,255,255,255,255,255,255,255,255,255,255,255,255,255,255,255,255,255,255,255,255,255,255,255,255,255,255,255,255,255,255,255,255,255,255,255,255,255,255,255,255,255,255,255,255,255,255,255,255,255,255,255,255,255,255,255,255,255,255,255,255,255,255,255,255,255,255,255,255,255,255,255,255,255,255,255,255,255,255
255,255,255,255,255,255,255,255,255,255,255,255,255,255,255,255,255,255,255,255,255,255,255,255,255,255,255,255,255,255,255,255,255,255,255,255,255,255,255,255,255,255,255,255,255,255,255,255,255,255,255,255,255,255,255,255,255,255,255,255,255,255,255,255,255,255,255,255,255,255,255,255,255,255,255,255,255,255,255,255,255,255,255,255,255,255,255,255,255,255,255,255,255,255,255,255,255,255,255,255,255,255,255,255,255,255,255,255,255,255,255,255,255,255,255
255,255,255,255,255,255,255,255,255,255,255,255,255,255,255,255,255,255,255,255,255,255,255,255,255,255,255,255,255,255,255,255,255,255,255,255,255,255,255,255,255,255,255,255,255,255,255,255,255,255,255,255,255,255,255,255,255,255,255,255,255,255,255,255,255,255,255,255,255,255,255,255,255,255,255,255,255,255,255,255,255,255,255,255,255,255,255,255,255,255,255,255,255,255,255,255,255,255,255,255,255,255,255,255,255,255,255,255,255,255,255,255,255,255,255
255,255,255,255,255,255,255,255,255,255,255,255,255,255,255,255,255,255,255,255,255,255,255,255,255,255,255,255,255,255,255,255,255,255,255,255,255,255,255,255,255,255,255,255,255,255,255,255,255,255,255,255,255,255,255,255,255,255,255,255,255,255,255,255,255,255,255,255,255,255,255,255,255,255,255,255,255,255,255,255,255,255,255,255,255,255,255,255,255,255,255,255,255,255,255,255,255,255,255,255,255,255,255,255,255,255,255,255,255,255,255,255,255,255,255
255,255,255,255,255,255,255,255,255,255,255,255,255,255,255,255,255,255,255,255,255,255,255,255,255,255,255,255,255,255,255,255,255,255,255,255,255,255,255,255,255,255,255,255,255,255,255,255,255,255,255,255,255,255,255,255,255,255,255,255,255,255,255,255,255,255,255,255,255,255,255,255,255,255,255,255,255,255,255,255,255,255,255,255,255,255,255,255,255,255,255,255,255,255,255,255,255,255,255,255,255,255,255,255,255,255,255,255,255,255,255,255,255,255,255
255,255,255,255,255,255,255,255,255,255,255,255,255,255,255,255,255,255,255,255,255,255,255,255,255,255,255,255,255,255,255,255,255,255,255,255,255,255,255,255,255,255,255,255,255,255,255,255,255,255,255,255,255,255,255,255,255,255,255,255,255,255,255,255,255,255,255,255,255,255,255,255,255,255,255,255,255,255,255,255,255,255,255,255,255,255,255,255,255,255,255,255,255,255,255,255,255,255,255,255,255,255,255,255,255,255,255,255,255,255,255,255,255,255,255
255,255,255,255,255,255,255,255,255,255,255,255,255,255,255,255,255,255,255,255,255,255,255,255,255,255,255,255,255,255,255,255,255,255,255,255,255,255,255,255,255,255,255,255,255,255,255,255,255,255,255,255,255,255,255,255,255,255,255,255,255,255,255,255,255,255,255,255,255,255,255,255,255,255,255,255,255,255,255,255,255,255,255,255,255,255,255,255,255,255,255,255,255,255,255,255,255,255,255,255,255,255,255,255,255,255,255,255,255,255,255,255,255,255,255
255,255,255,255,255,255,255,255,255,255,255,255,255,255,255,255,255,255,255,255,255,255,255,255,255,255,255,255,255,255,255,255,255,255,255,255,255,255,255,255,255,255,255,255,255,255,255,255,255,255,255,255,255,255,255,255,255,255,255,255,255,255,255,255,255,255,255,255,255,255,255,255,255,255,255,255,255,255,255,255,255,255,255,255,255,255,255,255,255,255,255,255,255,255,255,255,255,255,255,255,255,255,255,255,255,255,255,255,255,255,255,255,255,255,255
255,255,255,255,255,255,255,255,255,255,255,255,255,255,255,255,255,255,255,255,255,255,255,255,255,255,255,255,255,255,255,255,255,255,255,255,255,255,255,255,255,255,255,255,255,255,255,255,255,255,255,255,255,255,255,255,255,255,255,255,255,255,255,255,255,255,255,255,255,255,255,255,255,255,255,255,255,255,255,255,255,255,255,255,255,255,255,255,255,255,255,255,255,255,255,255,255,255,255,255,255,255,255,255,255,255,255,255,255,255,255,255,255,255,255
255,255,255,255,255,255,255,255,255,255,255,255,255,255,255,255,255,255,255,255,255,255,255,255,255,255,255,255,255,255,255,255,255,255,255,255,255,255,255,255,255,255,255,255,255,255,255,255,255,255,255,255,255,255,255,255,255,255,255,255,255,255,255,255,255,255,255,255,255,255,255,255,255,255,255,255,255,255,255,255,255,255,255,255,255,255,255,255,255,255,255,255,255,255,255,255,255,255,255,255,255,255,255,255,255,255,255,255,255,255,255,255,255,255,255
255,255,255,255,255,255,255,255,255,255,255,255,255,255,255,255,255,255,255,255,255,255,255,255,255,255,255,255,255,255,255,255,255,255,255,255,255,255,255,255,255,255,255,255,255,255,255,255,255,255,255,255,255,255,255,255,255,255,255,255,255,255,255,255,255,255,255,255,255,255,255,255,255,255,255,255,255,255,255,255,255,255,255,255,255,255,255,255,255,255,255,255,255,255,255,255,255,255,255,255,255,255,255,255,255,255,255,255,255,255,255,255,255,255,255
255,255,255,255,255,255,255,255,255,255,255,255,255,255,255,255,255,255,255,255,255,255,255,255,255,255,255,255,255,255,255,255,255,255,255,255,255,255,255,255,255,255,255,255,255,255,255,255,255,255,255,255,255,255,255,255,255,255,255,255,255,255,255,255,255,255,255,255,255,255,255,255,255,255,255,255,255,255,255,255,255,255,255,255,255,255,255,255,255,255,255,255,255,255,255,255,255,255,255,255,255,255,255,255,255,255,255,255,255,255,255,255,255,255,255
255,255,255,255,255,255,255,255,255,255,255,255,255,255,255,255,255,255,255,255,255,255,255,255,255,255,255,255,255,255,255,255,255,255,255,255,255,255,255,255,255,255,255,255,255,255,255,255,255,255,255,255,255,255,255,255,255,255,255,255,255,255,255,255,255,255,255,255,255,255,255,255,255,255,255,255,255,255,255,255,255,255,255,255,255,255,255,255,255,255,255,255,255,255,255,255,255,255,255,255,255,255,255,255,255,255,255,255,255,255,255,255,255,255,255
255,255,255,255,255,255,255,255,255,255,255,255,255,255,255,255,255,255,255,255,255,255,255,255,255,255,255,255,255,255,255,255,255,255,255,255,255,255,255,255,255,255,255,255,255,255,255,255,255,255,255,255,255,255,255,255,255,255,255,255,255,255,255,255,255,255,255,255,255,255,255,255,255,255,255,255,255,255,255,255,255,255,255,255,255,255,255,255,255,255,255,255,255,255,255,255,255,255,255,255,255,255,255,255,255,255,255,255,255,255,255,255,255,255,255
255,255,255,255,255,255,255,255,255,255,255,255,255,255,255,255,255,255,255,255,255,255,255,255,255,255,255,255,255,255,255,255,255,255,255,255,255,255,255,255,255,255,255,255,255,255,255,255,255,255,255,255,255,255,255,255,255,255,255,255,255,255,255,255,255,255,255,255,255,255,255,255,255,255,255,255,255,255,255,255,255,255,255,255,255,255,255,255,255,255,255,255,255,255,255,255,255,255,255,255,255,255,255,255,255,255,255,255,255,255,255,255,255,255,255
255,255,255,255,255,255,255,255,255,255,255,255,255,255,255,255,255,255,255,255,255,255,255,255,255,255,255,255,255,255,255,255,255,255,255,255,255,255,255,255,255,255,255,255,255,255,255,255,255,255,255,255,255,255,255,255,255,255,255,255,255,255,255,255,255,255,255,255,255,255,255,255,255,255,255,255,255,255,255,255,255,255,255,255,255,255,255,255,255,255,255,255,255,255,255,255,255,255,255,255,255,255,255,255,255,255,255,255,255,255,255,255,255,255,255
255,255,255,255,255,255,255,255,255,255,255,255,255,255,255,255,255,255,255,255,255,255,255,255,255,255,255,255,255,255,255,255,255,255,255,255,255,255,255,255,255,255,255,255,255,255,255,255,255,255,255,255,255,255,255,255,255,255,255,255,255,255,255,255,255,255,255,255,255,255,255,255,255,255,255,255,255,255,255,255,255,255,255,255,255,255,255,255,255,255,255,255,255,255,255,255,255,255,255,255,255,255,255,255,255,255,255,255,255,255,255,255,255,255,255
255,255,255,255,255,255,255,255,255,255,255,255,255,255,255,255,255,255,255,255,255,255,255,255,255,255,255,255,255,255,255,255,255,255,255,255,255,255,255,255,255,255,255,255,255,255,255,255,255,255,255,255,255,255,255,255,255,255,255,255,255,255,255,255,255,255,255,255,255,255,255,255,255,255,255,255,255,255,255,255,255,255,255,255,255,255,255,255,255,255,255,255,255,255,255,255,255,255,255,255,255,255,255,255,255,255,255,255,255,255,255,255,255,255,255
255,255,255,255,255,255,255,255,255,255,255,255,255,255,255,255,255,255,255,255,255,255,255,255,255,255,255,255,255,255,255,255,255,255,255,255,255,255,255,255,255,255,255,255,255,255,255,255,255,255,255,255,255,255,255,255,255,255,255,255,255,255,255,255,255,255,255,255,255,255,255,255,255,255,255,255,255,255,255,255,255,255,255,255,255,255,255,255,255,255,255,255,255,255,255,255,255,255,255,255,255,255,255,255,255,255,255,255,255,255,255,255,255,255,255
255,255,255,255,255,255,255,255,255,255,255,255,255,255,255,255,255,255,255,255,255,255,255,255,255,255,255,255,255,255,255,255,255,255,255,255,255,255,255,255,255,255,255,255,255,255,255,255,255,255,255,255,255,255,255,255,255,255,255,255,255,255,255,255,255,255,255,255,255,255,255,255,255,255,255,255,255,255,255,255,255,255,255,255,255,255,255,255,255,255,255,255,255,255,255,255,255,255,255,255,255,255,255,255,255,255,255,255,255,255,255,255,255,255,255
255,255,255,255,255,255,255,255,255,255,255,255,255,255,255,255,255,255,255,255,255,255,255,255,255,255,255,255,255,255,255,255,255,255,255,255,255,255,255,255,255,255,255,255,255,255,255,255,255,255,255,255,255,255,255,255,255,255,255,255,255,255,255,255,255,255,255,255,255,255,255,255,255,255,255,255,255,255,255,255,255,255,255,255,255,255,255,255,255,255,255,255,255,255,255,255,255,255,255,255,255,255,255,255,255,255,255,255,255,255,255,255,255,255,255
255,255,255,255,255,255,255,255,255,255,255,255,255,255,255,255,255,255,255,255,255,255,255,255,255,255,255,255,255,255,255,255,255,255,255,255,255,255,255,255,255,255,255,255,255,255,255,255,255,255,255,255,255,255,255,255,255,255,255,255,255,255,255,255,255,255,255,255,255,255,255,255,255,255,255,255,255,255,255,255,255,255,255,255,255,255,255,255,255,255,255,255,255,255,255,255,255,255,255,255,255,255,255,255,255,255,255,255,255,255,255,255,255,255,255
255,255,255,255,255,255,255,255,255,255,255,255,255,255,255,255,255,255,255,255,255,255,255,255,255,255,255,255,255,255,255,255,255,255,255,255,255,255,255,255,255,255,255,255,255,255,255,255,255,255,255,255,255,255,255,255,255,255,255,255,255,255,255,255,255,255,255,255,255,255,255,255,255,255,255,255,255,255,255,255,255,255,255,255,255,255,255,255,255,255,255,255,255,255,255,255,255,255,255,255,255,255,255,255,255,255,255,255,255,255,255,255,255,255,255
